{"cameraMode":{"drawMode":0,"name":"Shaded","section":"Shading Mode"},"sceneLighting":true,"audioPlay":false,"sceneViewState":{"m_AlwaysRefresh":false,"showFog":true,"showSkybox":true,"showFlares":true,"showImageEffects":true,"showParticleSystems":true,"showVisualEffectGraphs":true,"m_FxEnabled":false},"in2DMode":false,"pivot":{"x":-2.0125648975372316,"y":0.6028529405593872,"z":1.379451036453247},"rotation":{"x":0.12710550427436829,"y":-0.7047913670539856,"z":0.13066348433494569,"w":0.6856115460395813},"size":1.2632427215576172,"orthographic":false}