{"cameraMode":{"drawMode":0,"name":"Shaded","section":"Shading Mode"},"sceneLighting":true,"audioPlay":false,"sceneViewState":{"m_AlwaysRefresh":false,"showFog":true,"showSkybox":true,"showFlares":true,"showImageEffects":true,"showParticleSystems":true,"showVisualEffectGraphs":true,"m_FxEnabled":false},"in2DMode":false,"pivot":{"x":151.53140258789063,"y":-13.508400917053223,"z":142.56771850585938},"rotation":{"x":-0.023939920589327813,"y":-0.42209577560424807,"z":0.01111397985368967,"w":-0.9061878323554993},"size":106.2202377319336,"orthographic":false}